{
  "Number_Of_Emis_TB_PCs": 22, 
  "pca_Emis_mean": [
    0.6307122437570079, 
    0.645190279699416, 
    0.6525770564440839, 
    0.6543467397423655, 
    0.6555921552124858, 
    0.656536849056859, 
    0.6574834630862448, 
    0.6581149902543572, 
    0.6587663539682425, 
    0.6608237667502274, 
    0.6608237667502274, 
    0.6608237667502274, 
    0.6608237667502274, 
    0.6608237667502274, 
    0.6608237667502274, 
    0.7129354932631594, 
    0.7344627187810069, 
    0.7417140084496723, 
    0.741711211600293, 
    0.7417137662367513, 
    0.7417115231068354, 
    0.7417081087729797
  ], 
  "mnt": [
    -203.26122527606066, 
    -96.83243836449438, 
    -77.22352727703523, 
    -64.27868146074488, 
    -41.066645073790156, 
    -43.06131101556473, 
    -33.715699690074835, 
    -26.928171127928408, 
    -19.794489919943853, 
    -14.686788585372188, 
    -16.90309751178542, 
    -9.298081163146009, 
    -5.914191474939759, 
    -6.720646401169245, 
    -3.54648125332517, 
    -2.864417755613583, 
    -1.8827997487774304, 
    -1.655270603308609, 
    -0.8882114695508467, 
    -0.9044077731963635, 
    -0.571617430130738, 
    -0.42636852294480754
  ], 
  "Number_Of_Target_Emis_PCs": 4, 
  "pca_Emis_components": [
    [
      0.2883444109165752, 
      0.27377208268273184, 
      0.2493489024563383, 
      0.24633675469076977, 
      0.24422401249553075, 
      0.24262512221964583, 
      0.24102581625565656, 
      0.2399604089971607, 
      0.23886295138011715, 
      0.235404264692942, 
      0.235404264692942, 
      0.235404264692942, 
      0.235404264692942, 
      0.235404264692942, 
      0.235404264692942, 
      0.17276449248463024, 
      0.11149410881056342, 
      0.10299630521802976, 
      0.10299218235186557, 
      0.10299597508852026, 
      0.1029929451576935, 
      0.10298808911766455
    ], 
    [
      0.23507480513350099, 
      0.18661653973813583, 
      0.07614832591142469, 
      0.06493051266014728, 
      0.057124914880999134, 
      0.05125095842328659, 
      0.04540366694738657, 
      0.04152364631574454, 
      0.03753921586777455, 
      0.02506332323521046, 
      0.02506332323521046, 
      0.02506332323521046, 
      0.02506332323521046, 
      0.02506332323521046, 
      0.02506332323521046, 
      -0.02940774814340878, 
      -0.3785262383865778, 
      -0.3849342227033675, 
      -0.3849445595830084, 
      -0.38494348343327656, 
      -0.3849389948371538, 
      -0.38494494899768517
    ], 
    [
      0.6637024120383987, 
      0.5107042414592518, 
      -0.11646735683084852, 
      -0.11325975441755302, 
      -0.11102027918982721, 
      -0.10932925714891642, 
      -0.10764014545156401, 
      -0.10651559963506822, 
      -0.1053571676895938, 
      -0.10170401799080521, 
      -0.10170401799080521, 
      -0.10170401799080521, 
      -0.10170401799080521, 
      -0.10170401799080521, 
      -0.10170401799080521, 
      -0.32354266479540383, 
      0.09723954500291117, 
      0.08692896535722192, 
      0.08693630257626483, 
      0.08693917559639991, 
      0.08691348515515887, 
      0.08690687385282515
    ], 
    [
      -0.1309609145306328, 
      -0.19940786136960822, 
      0.0864051649491209, 
      0.08468416737970406, 
      0.0834648778771519, 
      0.08253598023910959, 
      0.08160187939892992, 
      0.08097701327213722, 
      0.08033129063813634, 
      0.07828367029435881, 
      0.07828367029435881, 
      0.07828367029435881, 
      0.07828367029435881, 
      0.07828367029435881, 
      0.07828367029435881, 
      -0.926309998919792, 
      0.013043364609539218, 
      -0.0014372187360256763, 
      -0.001418845503954415, 
      -0.0014415295657542956, 
      -0.0014376278272217415, 
      -0.0014436955583688022
    ]
  ], 
  "mxt": [
    264.1090825616295, 
    252.72223357487744, 
    109.8192924816977, 
    111.39683883200627, 
    43.59953275499111, 
    50.16626391175471, 
    66.23672341227724, 
    56.942932730872585, 
    23.262189787345648, 
    15.506840523683591, 
    19.658188977741087, 
    9.916382868394782, 
    8.490899497843094, 
    7.207181604916485, 
    3.5532293519491356, 
    2.9386001220522893, 
    2.1927992124659648, 
    1.7572090739851673, 
    1.0877201944028558, 
    0.9524634098334214, 
    0.6239681047400578, 
    0.4507017286522357
  ]
}